,Values_1,Values_2
0,210.467480022919,0.46475922286746063
1,212.34140534909156,0.4834123215238828
2,225.33249694365816,0.6135251666736428
3,222.50948268745645,0.5849161920577707
4,235.59200542282116,0.7158834011501151
5,219.72264070198943,0.556872412462717
6,230.4755254356396,0.665485128513534
7,230.2850134939415,0.6635801702386389
8,228.1396861666896,0.6419934862644024
9,231.86928170449963,0.679352523088969
